CustomerID,actual_churn,predicted_churn,churn_probability,prediction_correct
54007,0,0,0.15635671281993463,True
51970,0,0,0.14899399085550155,True
54236,0,0,0.16879375177757097,True
50106,0,0,0.10710182149541224,True
52296,0,0,0.3297828690005313,True
54394,0,0,0.13098711967508456,True
52952,0,0,0.18123461760597848,True
53404,0,0,0.14633981467389684,True
53586,0,0,0.30720540240369426,True
50468,0,0,0.1229706354085217,True
52479,0,0,0.18768718832624612,True
52126,1,1,0.8369415006332833,True
53002,0,0,0.2103755540473338,True
54605,0,0,0.17297127645010857,True
53095,0,0,0.16899294183228583,True
51609,0,0,0.21456930398935875,True
51159,0,0,0.3250925002840867,True
50800,0,0,0.4442154308633172,True
50151,0,0,0.1681277112204348,True
54778,0,0,0.1017425621977706,True
51630,0,1,0.6820108217300489,False
50675,0,0,0.11319021547694741,True
50959,1,1,0.6711464744277584,True
52580,0,0,0.22980903408397424,True
50670,0,0,0.10023923438959657,True
50877,0,0,0.17660401603690865,True
52335,0,0,0.4742900054546149,True
55421,0,0,0.30213235512319886,True
54549,0,0,0.1390529876835942,True
54498,0,0,0.22231018607772451,True
55284,0,0,0.18276818019037225,True
54860,0,0,0.01669220977802819,True
55217,1,1,0.7395218808905287,True
50837,0,0,0.3346106798809351,True
55029,0,0,0.24209346936263337,True
55523,0,0,0.13833659548088784,True
54757,0,0,0.1424576359303465,True
53500,0,0,0.20963494991283751,True
50895,0,0,0.21582849988151995,True
50833,0,0,0.28878934532985484,True
53081,0,0,0.06672542465551355,True
54378,1,1,0.6337274105382267,True
53302,0,0,0.17363230854717393,True
50157,0,0,0.19814164685588295,True
50726,0,0,0.3278563177733968,True
51842,0,1,0.6980571417616983,False
54041,0,0,0.4702210497925145,True
53816,0,0,0.16903315319104883,True
53340,0,0,0.03760217641526417,True
52260,0,0,0.092643176657739,True
51258,0,1,0.5709960310585778,False
53172,0,0,0.3189333472983267,True
55067,0,0,0.23678400302836786,True
50933,1,1,0.8852949979194983,True
53810,0,0,0.24389964771067796,True
52827,1,1,0.5353571389037964,True
52562,0,0,0.18881792386475765,True
53161,0,1,0.5805556564305211,False
54336,0,0,0.20753534852657515,True
50438,1,1,0.8749111891818075,True
52750,0,0,0.12396185942485564,True
53538,0,0,0.149210328057422,True
52670,0,0,0.23446730461420742,True
52826,1,0,0.2596732382149597,False
55583,0,1,0.5149526297370363,False
50251,0,0,0.2490762761443333,True
54238,0,0,0.2582949456002808,True
51055,0,0,0.11514614626291142,True
54695,0,0,0.017662499170779652,True
50809,0,0,0.47664113322749313,True
51216,0,0,0.15818655699329778,True
52009,1,1,0.7033694362813385,True
52489,0,0,0.13055302125225182,True
51514,0,0,0.18983475642989364,True
54497,1,1,0.8372407072398091,True
51759,0,0,0.10022774820038412,True
52611,0,0,0.13756084442840394,True
53655,0,0,0.19935805184621497,True
52339,0,1,0.611366251627245,False
50355,1,1,0.8596079443768665,True
52594,0,1,0.5466298507199868,False
50014,1,1,0.8812563925169709,True
53099,0,0,0.014182204479328532,True
51074,0,0,0.18751495173773794,True
55151,0,0,0.24317587358928286,True
51348,1,1,0.8632362006545109,True
53707,1,1,0.8176856632987186,True
54433,0,0,0.14664634323255274,True
55362,1,1,0.8583759583484872,True
50606,0,0,0.30763736691418125,True
52639,0,0,0.2542647917573141,True
50579,0,0,0.332171202461085,True
52353,1,1,0.8629585824619874,True
50768,1,1,0.7899874565456416,True
53570,0,0,0.06882753220812148,True
54930,0,1,0.5630924308202419,False
53569,0,0,0.15264150598521442,True
54317,0,0,0.07237641655282753,True
52550,1,1,0.5867793354602749,True
52457,1,0,0.24768540599981695,False
51597,0,0,0.18100814085542147,True
54203,1,1,0.7483824682683484,True
50984,0,0,0.2809493596781558,True
51966,0,0,0.3604556991381218,True
54899,0,0,0.1660418993633376,True
55260,0,0,0.19971303350121972,True
53241,0,1,0.6119964070470673,False
52032,0,0,0.3451007237240536,True
53821,0,0,0.11194277764721867,True
52572,0,0,0.24412521067865242,True
51072,0,1,0.5869161645502357,False
50954,0,0,0.10505803670932144,True
52513,1,1,0.8371452327048473,True
53666,1,1,0.6856676056810991,True
54147,0,0,0.14364641771974138,True
53273,0,0,0.09283882723089133,True
51021,0,0,0.24597038312167632,True
54101,0,0,0.15640576599854078,True
53277,0,1,0.7444528443945734,False
50298,1,1,0.7624596924516,True
51405,0,0,0.08031044937575786,True
50103,0,0,0.23975493145445917,True
52209,0,0,0.1456153325082029,True
53571,0,0,0.18825360336210564,True
50866,0,0,0.2725006565399302,True
51168,0,0,0.1378956752288736,True
51101,0,0,0.09259725857078115,True
51965,0,0,0.10150559769280608,True
51473,1,1,0.8466655850292041,True
54811,0,0,0.09152708316960931,True
51358,0,0,0.1427628075693767,True
55280,0,0,0.22186335735027643,True
51103,0,0,0.10673114009446455,True
53600,0,1,0.7292557378228289,False
53556,0,0,0.24547841001787277,True
51214,1,1,0.7052473535249406,True
52835,1,1,0.56691929512608,True
53348,0,0,0.2621565595792465,True
54966,0,0,0.1323228161895582,True
54384,0,0,0.27537221484735397,True
54893,1,1,0.7535654853901659,True
53932,0,0,0.3143887671925658,True
51213,0,1,0.5184684267291876,False
55001,0,0,0.192898052355864,True
53744,0,0,0.033171387596914396,True
55083,0,0,0.13733242204596893,True
50112,1,1,0.6902247732013582,True
50320,0,0,0.16651976399482465,True
50655,1,1,0.5830625992763371,True
53705,0,0,0.27062812719759005,True
53305,1,1,0.841624363568182,True
54973,0,0,0.21327846996884275,True
54077,0,1,0.6221110944500061,False
55389,0,0,0.15284002989833215,True
54720,0,0,0.3760173286078951,True
53293,0,0,0.34375455032480184,True
54880,0,0,0.2315716301176406,True
52368,0,0,0.22640638795525303,True
52159,1,1,0.512453853689528,True
55268,0,0,0.15124008017959625,True
55499,1,1,0.7264117289164289,True
51328,1,0,0.32776023959050965,False
53761,0,0,0.35368770904843266,True
53502,0,0,0.3397008266857558,True
54322,0,1,0.6722190972883265,False
50174,0,0,0.32930643930489817,True
52184,1,1,0.6599583769363633,True
50983,0,0,0.14405445372532655,True
51480,0,1,0.5821898408764771,False
55332,1,1,0.6278252276561421,True
54315,0,0,0.38429012090504083,True
51582,1,1,0.6770687363506015,True
51418,0,0,0.4043720987210355,True
55189,0,0,0.3700818424262398,True
54718,0,0,0.13349041679285092,True
52347,0,0,0.15836857559153092,True
50580,0,0,0.28859117689209396,True
50679,0,0,0.29179091161031495,True
53751,1,1,0.9348699388725435,True
52617,1,1,0.8376406662194975,True
53889,0,0,0.192937568615025,True
50808,1,1,0.9108938573683462,True
54934,0,0,0.2868325678723501,True
51802,0,0,0.311054896775806,True
51776,0,0,0.2306844306462397,True
51215,1,1,0.9399348006453357,True
52266,0,0,0.10192565119070185,True
50516,0,1,0.592921175873806,False
53072,0,0,0.357864056972439,True
51399,0,0,0.295784147113338,True
50623,0,0,0.37487884740267396,True
51933,0,0,0.042547789125639765,True
53031,0,0,0.09646433838128232,True
51803,1,1,0.8962706012150828,True
52511,0,0,0.1381646296735289,True
52174,1,1,0.6033285997086071,True
52591,0,0,0.33032839829265565,True
50285,0,0,0.09531293308632044,True
51199,0,0,0.41675103330901003,True
53696,0,0,0.3131849539690754,True
55244,1,1,0.5160371010090014,True
54128,0,0,0.1733125474670222,True
50214,0,0,0.13365367876957562,True
54637,0,1,0.7164662589480784,False
52116,0,0,0.1343620889357319,True
51282,0,0,0.1215538475443279,True
53553,0,0,0.37143752451844625,True
53318,0,0,0.06362174954660864,True
55229,1,1,0.8785166564992848,True
53093,0,0,0.30129935629301824,True
52906,0,0,0.3778178801290793,True
51637,0,0,0.10769077972418227,True
55350,0,0,0.13206019773585476,True
54982,0,0,0.11452297143325314,True
50093,1,0,0.45119872186026966,False
55116,0,0,0.056242564450855265,True
55434,1,1,0.8997225497266199,True
52401,0,0,0.19778645540745254,True
54790,0,0,0.1800443471239393,True
52214,0,1,0.5206453558989588,False
52396,0,0,0.1366324134343784,True
53035,0,0,0.17725400418810583,True
50634,0,0,0.13746958675959914,True
53038,0,0,0.27042957974768606,True
53782,0,0,0.14458962607314757,True
53316,0,0,0.4195661664679659,True
52450,0,0,0.30721546264654276,True
53805,0,0,0.35447670257129177,True
55090,0,0,0.4551438767758133,True
50786,0,0,0.3848652428247693,True
52001,0,1,0.652231660624506,False
53304,0,0,0.1456213050733764,True
50744,0,1,0.5537995397438004,False
54425,1,1,0.7783033061912512,True
50261,1,1,0.7456870179308339,True
51672,0,0,0.1548367277495163,True
55473,1,1,0.692968458462166,True
50155,0,0,0.04921548846200824,True
54677,0,1,0.5352552897549165,False
51079,0,0,0.07804373206656234,True
51981,0,0,0.18153874847711676,True
54319,0,0,0.28252944554577997,True
54904,0,0,0.05582660892890967,True
55456,0,0,0.3193925040250292,True
51845,0,0,0.10658479965155758,True
54927,0,0,0.15371933347015737,True
51723,0,0,0.1708815764035249,True
55094,0,0,0.36882878958587967,True
53955,0,0,0.0861122822138158,True
51510,0,1,0.8928804481395963,False
54756,1,0,0.4453544781064489,False
50402,0,0,0.08950223555402062,True
50114,0,0,0.15336592138262767,True
55462,0,0,0.0866218532394849,True
51048,0,0,0.333726427388086,True
51043,1,1,0.8329715331671834,True
51157,1,1,0.8406689023604289,True
54092,0,0,0.08951597269135954,True
51519,0,0,0.13587777053518113,True
52501,0,0,0.08196722778457939,True
55009,0,0,0.1567727844685179,True
54021,0,0,0.16727565605099418,True
54104,0,1,0.8296938036978143,False
55061,0,0,0.1655197508649492,True
52605,0,0,0.1213653324153977,True
52069,0,0,0.1528663026087811,True
50265,0,0,0.2627725307029075,True
54157,0,0,0.20871713413097112,True
55420,0,0,0.11070697853973624,True
52647,0,0,0.08212072644435973,True
51173,1,1,0.6476641545815494,True
54538,0,0,0.12861289411825838,True
54803,0,0,0.18603643378226892,True
51590,0,0,0.08845714917207079,True
53918,0,0,0.14851165500703392,True
50792,0,0,0.19588789107929105,True
54986,0,0,0.18369026021753104,True
52745,0,0,0.13802704591752676,True
52228,0,0,0.23920757586293082,True
51544,0,0,0.1488762826307467,True
52474,0,0,0.14887220075866778,True
55520,0,0,0.2000914286990142,True
50218,0,0,0.2695161043540995,True
50888,1,1,0.686149839570706,True
50318,0,0,0.37133947284420904,True
53426,0,0,0.10551409211992463,True
53908,0,0,0.4418386841892857,True
53697,1,1,0.7964562283191101,True
50332,0,1,0.7573692341279044,False
54075,0,0,0.34495552765080434,True
52181,0,0,0.2925170462380083,True
50011,1,0,0.27647148356762224,False
51581,0,0,0.23130774950328262,True
50326,0,0,0.4414044612200218,True
51805,0,0,0.17361584440800232,True
53415,0,1,0.5716264412429392,False
53487,1,1,0.8268686746789539,True
53835,0,0,0.40569664006864253,True
52789,0,0,0.09339527839836886,True
51699,0,0,0.15090743523616218,True
52307,0,0,0.3346106798809351,True
53601,0,1,0.5468013940129512,False
53399,0,0,0.1826369692025852,True
53521,0,0,0.3364035606239754,True
55272,1,0,0.25095300284098393,False
54969,0,0,0.20386711024632911,True
54257,0,0,0.4541392596985837,True
51066,0,0,0.09857807858782572,True
53961,0,0,0.2699907582898133,True
53395,0,0,0.33718551856981205,True
51316,0,0,0.12684197197996233,True
55177,1,1,0.8176856632987186,True
50308,0,0,0.1887688125569393,True
51984,0,1,0.6563609364595344,False
51897,0,0,0.1487417513510938,True
51219,0,0,0.44538832166756825,True
54180,0,0,0.3086578332730526,True
52440,0,0,0.2584805634110739,True
52149,0,0,0.30642551671335594,True
55431,0,0,0.2735201700545192,True
52483,0,1,0.8548971258122882,False
52646,0,0,0.13579944858965207,True
54940,1,1,0.5515521340685455,True
51528,1,1,0.6390902656917248,True
53475,0,0,0.18481585403867729,True
51398,0,0,0.25351752748023704,True
52192,0,0,0.17131389347066722,True
52949,0,0,0.14068393135802537,True
50422,0,0,0.4602738653287288,True
51773,0,0,0.1502131408120779,True
53532,0,1,0.7488717356321584,False
54512,0,0,0.15506386957925272,True
51831,0,0,0.27647447211690374,True
50421,0,0,0.23529532039766263,True
50199,1,1,0.9010121325550415,True
54547,0,0,0.1960740067975027,True
51363,0,1,0.803787178462213,False
51310,0,0,0.20635213333800467,True
50886,0,0,0.05176505313582936,True
52490,0,0,0.34957492058856554,True
52225,0,0,0.06403959162319577,True
54901,0,0,0.1104816596247106,True
51896,0,1,0.6906406168386038,False
53619,1,0,0.3236850825988881,False
54054,0,0,0.1442450930601383,True
54202,0,1,0.6927355157061617,False
50584,0,0,0.1522752787689651,True
51548,0,1,0.6127822137071823,False
53995,0,0,0.19508155477385575,True
51260,0,0,0.32096301019616164,True
51565,0,0,0.05960979917440116,True
55161,0,0,0.145697765602897,True
53165,0,1,0.7482987895168962,False
54957,1,1,0.8158632988787591,True
53250,0,0,0.40320924604422237,True
53678,0,0,0.11659717257747078,True
54873,0,0,0.14988643074648242,True
55316,0,0,0.10506708666123159,True
54385,0,0,0.15504007130488784,True
53140,0,0,0.1505459988526647,True
50030,0,0,0.30871145403245553,True
54080,0,0,0.15494964311237483,True
54192,0,0,0.08261316626842005,True
55104,0,0,0.19161224282927333,True
53355,0,0,0.09237653283624217,True
51016,0,0,0.11716000218223246,True
51256,0,0,0.20355870978510912,True
53112,1,1,0.7398311536419652,True
55103,0,0,0.20429753554590943,True
50263,0,0,0.12539488708301771,True
55390,0,0,0.12446190456923269,True
51388,1,1,0.5709111835395135,True
50821,0,0,0.13476887203428312,True
50473,0,0,0.13914047954429998,True
50485,0,0,0.10992701347493795,True
51318,1,1,0.8433976283122244,True
51437,0,0,0.3043474054915248,True
51242,0,0,0.26903555163456855,True
50324,0,0,0.08855831477114312,True
50256,0,1,0.6818302407389848,False
50669,0,0,0.19949916238710624,True
55338,0,0,0.11615640878103789,True
54801,0,0,0.49118289205907056,True
55239,0,0,0.10775152489158327,True
55615,0,0,0.20840489438319726,True
53252,0,0,0.10319487330523922,True
54775,1,1,0.8155223708114461,True
54329,0,0,0.2157944586477149,True
51574,0,0,0.24570636718707292,True
52720,0,0,0.09478233232495682,True
52413,0,0,0.20768093205475535,True
50013,1,1,0.8680684974527001,True
53859,0,1,0.789442221420281,False
52030,0,0,0.25382755267952467,True
54750,1,1,0.8547145208588585,True
51393,0,0,0.24098979933697912,True
53371,0,0,0.1324325801662409,True
50602,0,0,0.10616491397136825,True
51757,0,0,0.048235973454212565,True
55403,0,0,0.26090074013821074,True
54709,0,0,0.19968618899905943,True
50576,1,0,0.4987783562159798,False
53445,0,0,0.21461007023804204,True
53485,0,0,0.13834117347070735,True
54288,1,1,0.9546850719611121,True
53138,0,0,0.19530934553679744,True
51389,0,1,0.745033798149279,False
51990,0,0,0.4908823435990037,True
50502,0,0,0.13442384542471328,True
50815,1,1,0.6308332550292846,True
55290,0,0,0.16612047962250653,True
51543,0,0,0.08409102645916301,True
54914,0,0,0.2742374935736768,True
50381,0,1,0.7912443618195811,False
55555,0,0,0.26914260748754626,True
55519,0,0,0.2520817908906324,True
53101,0,0,0.22080116671623223,True
51475,0,0,0.08501456277050065,True
52094,1,1,0.9209988577700634,True
53676,1,1,0.7743797132748873,True
51293,0,0,0.11333382042274323,True
53335,0,0,0.46198562490774775,True
54625,0,0,0.18882690645004377,True
53092,0,0,0.10055495870710278,True
54392,0,0,0.13711547339777463,True
55022,0,0,0.20228691154389827,True
51649,0,0,0.22295596497181067,True
50936,1,1,0.9351396038933355,True
53256,0,1,0.6021587604122779,False
52977,1,1,0.6007056440589416,True
52239,0,0,0.08885589801478357,True
52676,0,0,0.179295469131408,True
52120,0,0,0.06959614813735361,True
53449,0,0,0.12063719296961416,True
55176,0,0,0.24768637638655389,True
50301,0,0,0.08114776112805952,True
51951,0,0,0.12389247108272285,True
51058,0,0,0.10325942920111031,True
51176,0,0,0.14444844889490238,True
51904,0,0,0.11533494779062588,True
52493,0,0,0.10441215365557906,True
53968,0,0,0.2407686086149774,True
51924,0,0,0.2526777628611616,True
55347,1,1,0.8585294509674068,True
50159,0,0,0.070294835084067,True
52203,1,1,0.5797401203909193,True
54500,0,1,0.5344841315312115,False
51968,0,0,0.12315848972363025,True
53329,0,1,0.5336348996872483,False
50176,0,0,0.19603548371647125,True
53716,0,1,0.5945038292216617,False
51971,0,0,0.4222777662889309,True
53310,0,0,0.10820503299501606,True
53381,0,0,0.2394779772994067,True
54787,0,0,0.1664702485674937,True
53580,0,1,0.8491769453373422,False
53645,0,0,0.19206940024133667,True
54126,0,0,0.34697854923028204,True
52045,0,0,0.012870513043778935,True
51843,0,0,0.11996222516488135,True
53317,0,0,0.17038604345747912,True
51516,0,1,0.8640770916260032,False
52797,0,0,0.13249586210591796,True
51768,1,1,0.7519947945129288,True
50766,0,0,0.06176211272144047,True
54683,0,0,0.19960152786029192,True
50702,0,0,0.2707909727360575,True
53442,0,0,0.11063013599475688,True
54160,0,0,0.08888929609275537,True
54078,0,0,0.15206953304386497,True
54485,0,0,0.14646527656098665,True
54382,0,0,0.161495015114329,True
53377,0,0,0.3152213250600068,True
53574,0,0,0.11990108622508279,True
54948,0,0,0.06507290749736554,True
51743,0,1,0.7199770305320959,False
54248,0,0,0.07586262394756185,True
51890,0,0,0.2765729955670723,True
55339,0,1,0.670771424130064,False
55577,0,0,0.11259912923260774,True
52031,0,1,0.6977040064047959,False
52343,1,1,0.9050010850523256,True
52621,0,0,0.1312221671578515,True
51014,0,0,0.14435536667651042,True
54984,0,0,0.16362475380512545,True
54783,0,0,0.19386739167260175,True
55087,0,0,0.39748881962275745,True
50339,1,1,0.9469897635283098,True
52305,0,0,0.10090967931237493,True
51644,0,0,0.3128385285319196,True
51512,0,0,0.21952903566066553,True
50898,0,0,0.21371034968378833,True
54291,0,0,0.1634395513783379,True
54796,0,0,0.19257402443133823,True
52416,0,1,0.51092602994095,False
54628,0,0,0.3185709097379392,True
55245,0,0,0.27297411764776247,True
53749,1,1,0.8355148211522205,True
52498,0,0,0.48270814190507316,True
50612,0,0,0.21126556454086043,True
51312,0,1,0.8852852232039261,False
52349,0,1,0.6473556780825872,False
55018,1,1,0.5175134607310509,True
52581,0,0,0.2772907195940178,True
53451,0,0,0.10743501966972352,True
53229,0,0,0.14226158561813879,True
53259,1,0,0.387007757049756,False
53473,0,0,0.21310282757148524,True
52243,0,0,0.11468172356036627,True
53969,0,0,0.34943602229206117,True
54156,0,0,0.13001846569965725,True
52995,0,0,0.18562527371680074,True
54649,0,0,0.06748110220063672,True
55463,0,0,0.163674200758878,True
55625,0,1,0.7323282397889591,False
55139,0,0,0.20539866932118778,True
50286,0,0,0.15078997605860336,True
53517,0,0,0.20220906502980238,True
54400,1,1,0.8231557747933942,True
54618,1,1,0.9603883568980257,True
53306,0,1,0.665994651276346,False
54073,0,1,0.5262203483026128,False
51583,0,0,0.23168352473244355,True
53508,0,0,0.13450997940648915,True
51847,0,0,0.3645057690974123,True
53363,0,0,0.2202071081294857,True
54127,0,1,0.8751629635558057,False
51299,0,1,0.614177086573214,False
53433,0,0,0.22651102526466857,True
50725,1,0,0.3930448587475238,False
51095,0,0,0.21645233658649463,True
54048,0,0,0.18425591892033533,True
53254,0,1,0.5504167540761042,False
54759,1,1,0.7107441369700623,True
52844,0,0,0.1128965252773297,True
50335,0,0,0.17361584440800232,True
50994,0,0,0.3410509799606235,True
51534,0,0,0.08118999961091104,True
53196,0,1,0.8368143751795795,False
55154,0,1,0.5865614751709867,False
51858,0,0,0.452672454178601,True
55409,0,1,0.5372563596035461,False
51479,0,0,0.37265556677860945,True
52728,0,1,0.5704601679344211,False
51238,0,0,0.1334058786389455,True
50078,0,1,0.6127822137071823,False
54832,0,0,0.22962037665267826,True
52123,1,1,0.7350559190329768,True
51728,1,1,0.808066920564722,True
54493,0,0,0.07496621143647475,True
52240,0,0,0.014872467503348441,True
55612,0,0,0.12490779990198375,True
54427,0,0,0.1709516034763549,True
50287,0,0,0.03937916087211361,True
50756,0,0,0.16991565164352543,True
50180,0,0,0.15545499527117085,True
55182,1,1,0.757588678121541,True
55578,0,0,0.14418749829149913,True
51130,0,0,0.15136914419490538,True
55124,0,0,0.18641676000490942,True
52920,1,1,0.8741329536791369,True
51296,0,0,0.20422803421995575,True
52468,0,1,0.5149601054311552,False
52449,0,0,0.19193499024121535,True
55147,0,0,0.26506126811616815,True
52877,0,0,0.1198443423254469,True
55491,0,0,0.25147919864113544,True
54879,0,0,0.13673144089257572,True
54680,0,0,0.17073603943593293,True
50142,0,0,0.16518657209811674,True
54710,0,0,0.12748346036418795,True
55241,0,0,0.15325742226138095,True
52145,0,0,0.1054321077792217,True
50448,0,0,0.27725167943133167,True
50162,1,1,0.6882438450835444,True
50444,1,0,0.31577296039493147,False
50163,0,0,0.10751859782587996,True
50942,0,0,0.24698978588891152,True
51401,0,0,0.40520261761960813,True
50101,0,0,0.3915946452941197,True
50403,0,0,0.15959447325182413,True
50118,0,0,0.14473699369768217,True
51797,0,0,0.29045282703799885,True
54240,0,0,0.13642716752441408,True
52533,0,0,0.08800964498901735,True
55180,0,0,0.24656634594751947,True
53126,1,1,0.8238990839000092,True
54852,0,0,0.495725859592555,True
50817,0,0,0.1562299238306465,True
51616,0,0,0.09950808991343195,True
53622,0,0,0.3852141514094391,True
51302,0,0,0.424304507352633,True
54890,0,0,0.32273526953240195,True
53983,0,0,0.18949334440719143,True
55107,1,1,0.7787070363172216,True
53495,0,0,0.0671085315162528,True
55122,0,0,0.24816829291147358,True
50905,0,0,0.09679130836445442,True
52369,0,0,0.46638155344635573,True
53941,0,0,0.49239649276033726,True
53993,0,0,0.16232878372380583,True
54817,1,1,0.8332769831221012,True
52390,0,0,0.05490633322111387,True
52317,0,0,0.1040057139917016,True
54770,0,0,0.10517929067457432,True
53474,0,0,0.13163115736104888,True
53947,0,0,0.1342189296780856,True
53436,0,0,0.1244412062902938,True
52721,1,1,0.8606874274832073,True
52630,0,0,0.1536983817091129,True
50827,0,0,0.21409171898215018,True
50536,1,1,0.5749535017257883,True
52000,0,0,0.1486154797086349,True
54746,1,1,0.7473491667871116,True
51190,0,0,0.1423166148859615,True
52565,0,0,0.21529044635711422,True
52235,0,1,0.6027792395003054,False
54885,0,1,0.5712162384768488,False
50258,1,1,0.808066920564722,True
55540,1,1,0.8041928189268367,True
50765,0,1,0.5916857335491976,False
52864,0,0,0.14526477619823705,True
54342,0,0,0.20524523038077727,True
52732,0,1,0.6856729653122777,False
54100,0,0,0.1361862874107439,True
53610,0,0,0.1268419585820958,True
54981,0,0,0.16267230545589723,True
54804,0,0,0.052553775496927434,True
54972,0,0,0.3397008266857558,True
52558,0,0,0.1876291265148186,True
50446,0,0,0.07637369452787907,True
53592,0,0,0.3315933784869249,True
54806,1,1,0.8548687079550207,True
53267,0,0,0.18922798777069189,True
55143,0,0,0.1876155517115516,True
50058,1,1,0.6390902656917248,True
53162,0,0,0.15103248287881377,True
53217,0,0,0.12351494721125184,True
54365,1,1,0.5514115903298924,True
50134,0,0,0.22106792750688725,True
52017,0,1,0.5390733253027085,False
52644,1,0,0.23851855122487897,False
51476,0,0,0.16777291700998018,True
50357,0,0,0.3977857212408896,True
54894,0,0,0.409575195780007,True
50607,1,1,0.9136835812662187,True
50260,0,0,0.30168353244919754,True
55563,0,1,0.6079514869906312,False
52223,0,0,0.10488860900702061,True
54871,0,0,0.2922716217250251,True
53509,0,0,0.15941594307840282,True
54990,1,1,0.8656343673200685,True
51624,0,0,0.4526534778813137,True
51194,0,0,0.15424199456679002,True
52800,0,0,0.22079881651839695,True
54962,1,1,0.6264902101851405,True
55622,1,1,0.5753443133343155,True
52756,0,0,0.11080205275668029,True
53289,1,1,0.6983492256451739,True
50799,0,0,0.1516356148458927,True
54263,1,1,0.8780694906577206,True
52208,0,1,0.5742641815490309,False
53808,0,0,0.1276651084769572,True
51603,0,0,0.09135650919074191,True
50758,0,0,0.23563527994066902,True
55235,0,0,0.2312351922568077,True
52098,1,1,0.7491101112980572,True
52060,0,0,0.06511560644051802,True
53528,0,0,0.13351402866730314,True
50773,0,0,0.10590811734368605,True
51861,0,0,0.48618799863538587,True
52079,0,0,0.4293148958961026,True
52391,0,0,0.20129342440189762,True
51045,0,1,0.6191867693258843,False
54898,0,0,0.09749337609258564,True
50698,0,0,0.1596462658784535,True
54631,0,1,0.5420879403090779,False
50244,1,1,0.5878833981384849,True
50064,0,0,0.09422648153212179,True
54430,0,0,0.12355399784416196,True
50179,0,0,0.25349607388470197,True
51292,0,0,0.10714365679744076,True
53135,0,0,0.17925698265504608,True
51909,0,0,0.4871565740426421,True
54182,1,1,0.788340865382255,True
53432,0,0,0.20674457691379375,True
51517,1,1,0.9169086883903441,True
50206,0,0,0.11670147461970788,True
55271,1,1,0.8583465134827454,True
50247,0,0,0.3145990417210179,True
50718,1,1,0.8533199451962568,True
52748,0,1,0.639853593211964,False
51932,0,1,0.7529233323252791,False
55200,1,1,0.6146034890164602,True
55541,0,0,0.13934589401504432,True
50166,0,0,0.24250108392896552,True
52364,0,0,0.09868692885326892,True
53511,0,0,0.16145279326077527,True
52599,0,0,0.3151660361619312,True
55202,0,0,0.31060324931948957,True
54953,1,1,0.7335766432855196,True
51552,0,1,0.70590941699236,False
54277,0,0,0.15465533200582543,True
55273,1,0,0.2791525320978951,False
55110,0,0,0.08069588149013002,True
52092,0,0,0.12131790152177592,True
53311,0,0,0.24067592361771975,True
53629,0,0,0.11818462287105788,True
50701,0,0,0.21250413345042463,True
50649,0,0,0.25628771675025486,True
53849,0,0,0.08503427683589658,True
55507,0,0,0.08772939206295857,True
52582,1,1,0.8917714636767137,True
54232,0,0,0.13842638864550028,True
50080,1,1,0.7086296068908909,True
52423,1,1,0.8522878995447397,True
50297,1,1,0.7893001092321827,True
52963,0,0,0.17220876524984136,True
54589,0,0,0.11433067536162968,True
53005,0,0,0.2672604113118695,True
50835,0,0,0.09075578119387594,True
50182,0,0,0.12655184014829005,True
50988,1,1,0.52529214562111,True
55068,0,0,0.19717529444907783,True
51068,0,0,0.31066111529734247,True
53561,0,0,0.3316402826653131,True
50056,0,1,0.5257147653626423,False
54808,0,0,0.17938784957608755,True
53016,0,0,0.21261295048145679,True
50750,0,0,0.14719535440199544,True
52576,0,1,0.6281696079213777,False
51005,0,0,0.14706940646146582,True
53669,0,0,0.14734966815668554,True
54250,1,0,0.4361524183759214,False
53009,0,1,0.8790911763698434,False
55451,1,1,0.7091737077935028,True
51651,0,0,0.16454925997566452,True
55306,0,0,0.18019627934828258,True
52698,0,0,0.06775247876189093,True
50292,0,1,0.6497420145821706,False
53719,0,0,0.381623215836142,True
51136,0,0,0.2939336092593632,True
54284,0,0,0.0700845262690656,True
53780,0,0,0.0853282342344292,True
55413,0,0,0.3138560504426717,True
50627,0,0,0.10467180511193373,True
52584,0,1,0.6929998430759572,False
51894,0,0,0.17036635255888238,True
52504,0,0,0.07252538054560297,True
51550,1,1,0.7433366087106648,True
51592,0,0,0.12813052356947777,True
52569,1,0,0.49266433782859376,False
52334,0,0,0.08118780079042237,True
53738,0,0,0.1940275737404202,True
55274,0,0,0.2245384711515192,True
53497,0,0,0.10129173411492723,True
55387,0,0,0.28396008508245885,True
51279,0,0,0.25765863113451576,True
52381,0,0,0.3709861828212955,True
50753,0,0,0.10355252125600631,True
52290,0,0,0.42598515426084,True
53804,0,0,0.2234079452774302,True
52865,0,0,0.23976887751290998,True
52538,0,0,0.3160999289659434,True
54215,0,1,0.7607466251956589,False
51521,0,0,0.2718895967439061,True
54913,1,1,0.7123266597042013,True
51857,0,0,0.1367219995369919,True
53584,0,0,0.1305225945731484,True
53307,0,0,0.07508477038814693,True
54918,0,0,0.21079287248299344,True
54335,0,0,0.23976887751290998,True
52764,0,0,0.08878062556605841,True
52281,0,0,0.10199186643211677,True
50931,0,0,0.19778645540745254,True
54870,1,1,0.9057225973814319,True
50719,0,0,0.4272144233504305,True
52968,0,0,0.16052006780310354,True
50960,0,0,0.3705505234145596,True
51612,0,0,0.14187315287606084,True
54158,0,1,0.5283655840629876,False
52128,0,0,0.13013039830412773,True
53406,0,0,0.19617963131254296,True
52512,0,0,0.09009906388552681,True
50553,0,0,0.14264479243735104,True
52992,0,1,0.7691527715267941,False
52900,0,0,0.20063602798966415,True
52420,0,0,0.31150823632002245,True
54293,1,1,0.8277324825477418,True
53778,0,0,0.44250620603695145,True
54939,0,0,0.2188569872040224,True
52677,0,0,0.10050347077400267,True
50488,0,1,0.5531206810293058,False
54964,0,0,0.2149642244984637,True
54739,0,0,0.24250669490726676,True
54369,0,0,0.15032313207019615,True
55082,0,1,0.6056369317708288,False
52397,0,0,0.23575398409073706,True
51844,0,1,0.5854841282006542,False
54026,0,0,0.11537753283590843,True
50569,1,1,0.8657213965941248,True
51339,0,0,0.2645078544021454,True
50774,0,0,0.1435944072021128,True
55132,0,0,0.03218974817646041,True
55447,0,0,0.13617757611880402,True
52456,1,1,0.7390321554687607,True
55481,0,0,0.1517231990809837,True
54298,0,0,0.21690964827434073,True
54508,0,0,0.27674660748892305,True
52586,0,0,0.06993073249629382,True
50213,0,0,0.21981286365910258,True
51407,0,0,0.1359575548203586,True
50187,0,0,0.15880859339303302,True
50510,0,1,0.7216815319858534,False
52692,0,0,0.0645922998654557,True
52484,0,0,0.1436516821928571,True
53300,0,0,0.10807499697708303,True
55623,0,0,0.23774115911305643,True
51295,0,0,0.2012826005554052,True
52575,0,0,0.11235246225006115,True
52230,0,0,0.16084568007491198,True
53121,0,0,0.23293747370157145,True
52766,0,0,0.20422803421995575,True
53286,1,0,0.43410246583202855,False
52241,0,0,0.279680298128849,True
53367,0,0,0.1040617531508877,True
52465,0,0,0.15769457926928276,True
55314,1,1,0.8908300010037951,True
50619,0,0,0.06858231979571387,True
50474,1,1,0.794337307243207,True
54098,0,1,0.5664582593876625,False
52776,0,0,0.1756605885745323,True
54744,0,0,0.23313848119108865,True
51094,0,0,0.3221452129651478,True
53425,0,1,0.6463521154890494,False
52077,1,1,0.9184754198770153,True
55063,0,1,0.538245574692782,False
54372,0,0,0.34415671424410604,True
53008,1,0,0.2588250678939571,False
54652,0,0,0.15291011276203986,True
51298,0,1,0.5394442237011063,False
52871,0,1,0.519054321249786,False
54642,0,0,0.3454323203848537,True
54563,0,0,0.30129935629301824,True
51133,1,1,0.8416852159937999,True
55047,0,0,0.40025016209388836,True
53359,0,0,0.2388016465854078,True
55398,1,1,0.8053393759166443,True
53992,0,0,0.1410085775672712,True
53278,0,0,0.056048590583846744,True
52898,0,0,0.14336539321631292,True
52973,0,0,0.20427697535453962,True
50196,0,1,0.7364875081329164,False
53836,0,0,0.18019627934828258,True
51811,0,0,0.2139602308481896,True
53714,0,0,0.16912380298771726,True
51730,0,0,0.2944553355902,True
53840,0,1,0.6029979823919918,False
54040,0,1,0.8398767999154478,False
52015,1,1,0.6745197664433934,True
54630,1,1,0.6897686079541472,True
53397,1,1,0.7457260295017715,True
52890,0,0,0.13728269286957467,True
50267,0,0,0.11140153052159567,True
52741,1,1,0.7726291882907215,True
53590,0,0,0.07473280506495544,True
50887,0,0,0.45750351266754335,True
52418,0,0,0.11936813167366082,True
52348,0,0,0.2241768353625591,True
50853,0,0,0.48233242881101723,True
53505,0,0,0.12677391538221092,True
51123,0,0,0.13655447122036615,True
54206,1,0,0.22456314829597665,False
53319,0,0,0.2396065763717946,True
55031,0,0,0.2594430087700147,True
54910,1,0,0.34946403661382996,False
50901,0,1,0.658607145186405,False
54455,0,0,0.3895624099306947,True
51570,0,0,0.13305907501147243,True
50826,0,0,0.31706036056790254,True
52408,0,0,0.3014149189579822,True
53910,0,0,0.2632480449204889,True
54535,0,0,0.21453760788183196,True
50008,1,1,0.57385453059984,True
51658,0,0,0.3946519799843708,True
50949,0,0,0.4771416589369907,True
54532,0,0,0.28637113835650685,True
53349,0,0,0.42110058607190815,True
54018,0,0,0.11920305020769685,True
54848,0,0,0.15235774496989485,True
54276,0,0,0.3059589596136833,True
53086,0,0,0.1788044775199043,True
50032,0,1,0.7302990387095255,False
52213,0,0,0.036345914778741634,True
50881,0,0,0.22707299081102408,True
53265,0,0,0.12981735565079655,True
51706,0,0,0.05272420028547888,True
50697,0,0,0.1456302344618633,True
53933,0,0,0.21695107244126544,True
54866,0,0,0.24303831297758108,True
54595,0,0,0.18369570918842829,True
50918,0,0,0.20881927074598614,True
52383,0,0,0.17052761879299042,True
53384,1,1,0.8067916707429652,True
51169,0,0,0.2811646038932249,True
52788,1,1,0.8513488510025775,True
52244,0,0,0.11191579095157206,True
55531,0,0,0.13269191107739023,True
50186,0,0,0.2837054227811012,True
50861,1,1,0.8050283118505933,True
55407,1,1,0.677737191717126,True
52444,0,0,0.09342587479474912,True
53704,0,0,0.26807050715632913,True
54393,0,0,0.1181975435041897,True
52476,0,0,0.11540026976573065,True
53639,0,0,0.34270971917606774,True
53784,0,0,0.25762547477727105,True
53698,1,1,0.7974088327229876,True
52052,1,1,0.7243023296807506,True
51394,0,0,0.35592788499425004,True
55036,0,0,0.23128024045480192,True
55331,0,1,0.624908191766645,False
53720,0,0,0.10505308925412848,True
51278,0,1,0.6424100608988665,False
53299,1,0,0.3062290555186438,False
52023,0,0,0.13173979828768062,True
50140,1,1,0.7709050415829829,True
54223,0,0,0.2704225303167803,True
54454,1,1,0.8569027514848618,True
54480,0,0,0.24429311393338893,True
50970,0,0,0.19375710887875075,True
50420,0,0,0.28982731762306846,True
52654,0,0,0.14640599433336937,True
51012,1,1,0.9244371032247283,True
51673,1,0,0.46154727489914615,False
54023,1,1,0.9271301921265285,True
55084,0,0,0.1656548347182985,True
54994,0,1,0.5604523004816495,False
52770,0,0,0.0998449923039716,True
51171,0,0,0.3395393219049302,True
54190,0,0,0.2364867236551276,True
54507,0,0,0.2761551391433286,True
51386,0,0,0.44751563759897345,True
53276,1,1,0.7651388690599947,True
51686,0,0,0.09665772910052019,True
54571,0,0,0.2204065787922325,True
52602,0,0,0.1859903562047916,True
52867,0,0,0.15793018125334796,True
50036,0,1,0.5674701011146971,False
50192,0,0,0.231148205324112,True
53842,0,0,0.33082226072389553,True
51309,0,1,0.6893848248128309,False
54499,0,0,0.16765588306312623,True
51598,0,0,0.22113571792253997,True
51411,0,0,0.03332776838126615,True
51783,0,0,0.29089509364202615,True
50484,1,0,0.31563579954397025,False
51249,0,0,0.2251848588249683,True
50940,0,0,0.2575933657860705,True
54171,0,0,0.13609540637926523,True
51346,1,1,0.5050819938603882,True
52661,0,0,0.20409116751050965,True
50944,1,1,0.9058261316878355,True
53029,0,0,0.16765588306312623,True
50582,1,1,0.7243023296807506,True
51655,0,0,0.38884386423864403,True
53527,1,1,0.7196791718188009,True
54469,0,0,0.09770992917233601,True
55052,0,0,0.14199488255988624,True
52170,0,0,0.21910641018848845,True
55046,0,0,0.459995029589955,True
53777,0,0,0.13344495588079455,True
50636,0,0,0.1108977842916638,True
52074,0,0,0.12546296034183776,True
50454,0,0,0.25085173735410166,True
52679,1,0,0.3563171226000161,False
55396,0,0,0.2491008778588145,True
55450,0,0,0.21463918333849727,True
54043,0,0,0.06603801977569297,True
53765,0,0,0.2364550996642151,True
55264,0,0,0.19839394835266075,True
53974,0,0,0.14911338660712367,True
50844,0,0,0.17976943073629328,True
55222,0,1,0.7772457217794003,False
52199,0,1,0.8064532260354451,False
50651,0,0,0.23996507426641014,True
55436,0,0,0.061454707288771185,True
51677,0,1,0.6471578806666674,False
55184,0,0,0.14480280650375696,True
55165,0,1,0.5675550854312442,False
50590,0,0,0.059628277005820164,True
53631,1,0,0.38641449529537736,False
52026,0,0,0.2806235233440395,True
51049,0,0,0.16888467186957218,True
52283,0,0,0.2314496167616973,True
54722,0,0,0.07972263775791065,True
53104,0,0,0.10877601232462046,True
53091,0,0,0.16739323628351635,True
50416,1,1,0.7485718577013768,True
51930,0,0,0.1314995430319177,True
50661,0,0,0.2427124680092072,True
53364,0,1,0.5271143155223565,False
54601,1,1,0.868866841054979,True
50097,0,0,0.270455542502288,True
52024,0,0,0.35867424530337927,True
53234,0,0,0.1956266980158654,True
52880,0,0,0.04358262658072611,True
50650,0,0,0.06959614813735361,True
54151,0,0,0.3276912034554378,True
51419,0,0,0.09144179082106481,True
53013,0,0,0.17200900060804958,True
51444,0,0,0.08689713493738159,True
50296,0,0,0.22379212644454272,True
52202,0,1,0.6402025514159523,False
51457,1,1,0.858423147024883,True
52280,0,0,0.3263965999296743,True
52118,0,0,0.06945488334176489,True
55575,0,0,0.3188185941334257,True
53797,1,1,0.6621095695119424,True
51421,0,0,0.1021778827708571,True
50512,1,1,0.6742362363894947,True
51507,0,0,0.326443429671954,True
54057,0,0,0.2549477812184304,True
52006,1,1,0.5730765874368415,True
53693,0,0,0.24465420367053003,True
50865,0,0,0.4958035430255201,True
53811,0,0,0.214206017390467,True
54164,0,1,0.5610335193957348,False
53727,1,1,0.8660724704315049,True
50589,0,0,0.1677728022327232,True
51792,0,0,0.18039132328442697,True
52091,0,0,0.06867031136698615,True
50248,0,0,0.24486312826136092,True
55471,0,0,0.061567820085391405,True
50418,0,0,0.323330757715133,True
53949,0,0,0.3439273165015233,True
52526,0,0,0.4965860310021332,True
50193,1,0,0.2699439113885052,False
52943,0,0,0.21702971011517289,True
50073,0,0,0.08409102645916301,True
54542,0,0,0.32015484874403116,True
53514,0,0,0.16331225380512546,True
52922,0,0,0.14856467147858532,True
52022,0,0,0.11372973959498855,True
54923,1,1,0.8581344622599875,True
50089,0,0,0.1390883387758574,True
52950,1,1,0.7829921449324737,True
50461,1,1,0.7427507918905522,True
53069,1,1,0.8348963258223353,True
55588,0,0,0.2681591621118728,True
50161,0,0,0.2905765869417954,True
53755,0,0,0.133878965645321,True
51892,0,0,0.4403536954367124,True
51124,0,1,0.5453897713819191,False
53549,0,0,0.04210024842662871,True
50471,1,0,0.4722804024852449,False
50031,0,0,0.11936666306877543,True
53188,0,0,0.18281159259837884,True
50043,0,0,0.23252061367167895,True
50307,0,0,0.11462408322688551,True
53796,0,0,0.18383555006773655,True
55075,0,0,0.09748023233389187,True
54320,0,0,0.26541579085489114,True
50775,0,0,0.06984850188891134,True
52801,0,0,0.20648872205421134,True
53447,0,0,0.35520335361747896,True
53929,0,1,0.6711175540949121,False
54995,0,0,0.14420505329558217,True
53739,0,0,0.20416268702680224,True
51038,1,1,0.8879835310184947,True
53871,0,0,0.20180377797928137,True
52642,0,0,0.27873193751903697,True
53070,0,0,0.05548817207310848,True
54366,1,1,0.6014543912649583,True
53459,0,0,0.28469823351230505,True
54929,0,0,0.23262482135118578,True
54633,0,0,0.11087333446926279,True
54473,0,0,0.4028517374541105,True
52399,0,0,0.045298002449595726,True
55173,1,1,0.8328612779337881,True
52007,0,0,0.09629143790998475,True
52187,0,1,0.7808164125492829,False
51406,0,0,0.1592356694358864,True
53543,0,0,0.15771041664318416,True
54209,0,0,0.3310596067804397,True
55437,0,0,0.14169270234064324,True
51243,0,0,0.30741698185299815,True
50563,0,0,0.15610990251247286,True
55616,0,0,0.19198174294047182,True
50493,0,0,0.09389667538510763,True
53582,0,0,0.21770273597967685,True
52475,0,0,0.14706940646146582,True
50711,0,0,0.2925170462380083,True
53052,0,0,0.34590152800413043,True
52466,0,0,0.20370516350687948,True
51964,0,1,0.7317258954582067,False
54243,0,0,0.09702749805828499,True
55485,0,0,0.2585526344060592,True
51247,0,0,0.1217805987742235,True
52974,0,0,0.058730203895849105,True
53937,1,1,0.677737191717126,True
51039,0,0,0.16705138100299657,True
54176,0,0,0.27067421322527424,True
51765,0,0,0.24361105971919017,True
50952,0,0,0.03194999856886318,True
53893,0,0,0.13105375557550827,True
52251,0,0,0.16003941243516398,True
50479,0,1,0.5044237528510532,False
53753,0,0,0.368121848999887,True
52891,0,1,0.6550024645423694,False
53177,0,0,0.3665191132493977,True
53671,1,1,0.7989793689450785,True
53393,0,0,0.366748940274939,True
51585,1,1,0.8267868214630412,True
54510,0,0,0.1937049814972206,True
50382,0,0,0.15647045794549364,True
50329,1,1,0.9169252114854965,True
50896,0,0,0.20128368752181225,True
55581,0,0,0.19864137258126907,True
54468,0,0,0.19112459329045367,True
52042,0,0,0.05839730257889263,True
54363,0,1,0.5144910879037462,False
52488,0,0,0.15143077711844113,True
55064,0,0,0.2837062870980057,True
51959,0,0,0.1493200297045151,True
51315,0,0,0.2601093635635233,True
