CustomerID,actual_churn,predicted_churn,churn_probability,prediction_correct
54618,1,1,0.9603883568980257,True
54288,1,1,0.9546850719611121,True
50339,1,1,0.9469897635283098,True
51215,1,1,0.9399348006453357,True
50936,1,1,0.9351396038933355,True
53751,1,1,0.9348699388725435,True
54023,1,1,0.9271301921265285,True
51012,1,1,0.9244371032247283,True
52094,1,1,0.9209988577700634,True
52077,1,1,0.9184754198770153,True
50329,1,1,0.9169252114854965,True
51517,1,1,0.9169086883903441,True
50607,1,1,0.9136835812662187,True
50808,1,1,0.9108938573683462,True
50944,1,1,0.9058261316878355,True
54870,1,1,0.9057225973814319,True
52343,1,1,0.9050010850523256,True
50199,1,1,0.9010121325550415,True
55434,1,1,0.8997225497266199,True
51803,1,1,0.8962706012150828,True
51510,0,1,0.8928804481395963,False
52582,1,1,0.8917714636767137,True
55314,1,1,0.8908300010037951,True
51038,1,1,0.8879835310184947,True
50933,1,1,0.8852949979194983,True
51312,0,1,0.8852852232039261,False
50014,1,1,0.8812563925169709,True
53009,0,1,0.8790911763698434,False
55229,1,1,0.8785166564992848,True
54263,1,1,0.8780694906577206,True
54127,0,1,0.8751629635558057,False
50438,1,1,0.8749111891818075,True
52920,1,1,0.8741329536791369,True
54601,1,1,0.868866841054979,True
50013,1,1,0.8680684974527001,True
53727,1,1,0.8660724704315049,True
50569,1,1,0.8657213965941248,True
54990,1,1,0.8656343673200685,True
51516,0,1,0.8640770916260032,False
51348,1,1,0.8632362006545109,True
52353,1,1,0.8629585824619874,True
52721,1,1,0.8606874274832073,True
50355,1,1,0.8596079443768665,True
55347,1,1,0.8585294509674068,True
51457,1,1,0.858423147024883,True
55362,1,1,0.8583759583484872,True
55271,1,1,0.8583465134827454,True
54923,1,1,0.8581344622599875,True
54454,1,1,0.8569027514848618,True
52483,0,1,0.8548971258122882,False
54806,1,1,0.8548687079550207,True
54750,1,1,0.8547145208588585,True
50718,1,1,0.8533199451962568,True
52423,1,1,0.8522878995447397,True
52788,1,1,0.8513488510025775,True
53580,0,1,0.8491769453373422,False
51473,1,1,0.8466655850292041,True
51318,1,1,0.8433976283122244,True
51133,1,1,0.8416852159937999,True
53305,1,1,0.841624363568182,True
51157,1,1,0.8406689023604289,True
54040,0,1,0.8398767999154478,False
52617,1,1,0.8376406662194975,True
54497,1,1,0.8372407072398091,True
52513,1,1,0.8371452327048473,True
52126,1,1,0.8369415006332833,True
53196,0,1,0.8368143751795795,False
53749,1,1,0.8355148211522205,True
53069,1,1,0.8348963258223353,True
54817,1,1,0.8332769831221012,True
51043,1,1,0.8329715331671834,True
55173,1,1,0.8328612779337881,True
54104,0,1,0.8296938036978143,False
54293,1,1,0.8277324825477418,True
53487,1,1,0.8268686746789539,True
51585,1,1,0.8267868214630412,True
53126,1,1,0.8238990839000092,True
54400,1,1,0.8231557747933942,True
53707,1,1,0.8176856632987186,True
55177,1,1,0.8176856632987186,True
54957,1,1,0.8158632988787591,True
54775,1,1,0.8155223708114461,True
50258,1,1,0.808066920564722,True
51728,1,1,0.808066920564722,True
53384,1,1,0.8067916707429652,True
52199,0,1,0.8064532260354451,False
55398,1,1,0.8053393759166443,True
50861,1,1,0.8050283118505933,True
55540,1,1,0.8041928189268367,True
51363,0,1,0.803787178462213,False
53671,1,1,0.7989793689450785,True
53698,1,1,0.7974088327229876,True
53697,1,1,0.7964562283191101,True
50474,1,1,0.794337307243207,True
50381,0,1,0.7912443618195811,False
50768,1,1,0.7899874565456416,True
53859,0,1,0.789442221420281,False
50297,1,1,0.7893001092321827,True
54182,1,1,0.788340865382255,True
52950,1,1,0.7829921449324737,True
52187,0,1,0.7808164125492829,False
55107,1,1,0.7787070363172216,True
54425,1,1,0.7783033061912512,True
55222,0,1,0.7772457217794003,False
53676,1,1,0.7743797132748873,True
52741,1,1,0.7726291882907215,True
50140,1,1,0.7709050415829829,True
52992,0,1,0.7691527715267941,False
53276,1,1,0.7651388690599947,True
50298,1,1,0.7624596924516,True
54215,0,1,0.7607466251956589,False
55182,1,1,0.757588678121541,True
50332,0,1,0.7573692341279044,False
54893,1,1,0.7535654853901659,True
51932,0,1,0.7529233323252791,False
51768,1,1,0.7519947945129288,True
52098,1,1,0.7491101112980572,True
53532,0,1,0.7488717356321584,False
50416,1,1,0.7485718577013768,True
54203,1,1,0.7483824682683484,True
53165,0,1,0.7482987895168962,False
54746,1,1,0.7473491667871116,True
53397,1,1,0.7457260295017715,True
50261,1,1,0.7456870179308339,True
51389,0,1,0.745033798149279,False
53277,0,1,0.7444528443945734,False
51550,1,1,0.7433366087106648,True
50461,1,1,0.7427507918905522,True
53112,1,1,0.7398311536419652,True
55217,1,1,0.7395218808905287,True
52456,1,1,0.7390321554687607,True
50196,0,1,0.7364875081329164,False
52123,1,1,0.7350559190329768,True
54953,1,1,0.7335766432855196,True
55625,0,1,0.7323282397889591,False
51964,0,1,0.7317258954582067,False
50032,0,1,0.7302990387095255,False
53600,0,1,0.7292557378228289,False
55499,1,1,0.7264117289164289,True
52052,1,1,0.7243023296807506,True
50582,1,1,0.7243023296807506,True
50510,0,1,0.7216815319858534,False
51743,0,1,0.7199770305320959,False
53527,1,1,0.7196791718188009,True
54637,0,1,0.7164662589480784,False
54913,1,1,0.7123266597042013,True
54759,1,1,0.7107441369700623,True
55451,1,1,0.7091737077935028,True
50080,1,1,0.7086296068908909,True
51552,0,1,0.70590941699236,False
51214,1,1,0.7052473535249406,True
52009,1,1,0.7033694362813385,True
53289,1,1,0.6983492256451739,True
51842,0,1,0.6980571417616983,False
52031,0,1,0.6977040064047959,False
52584,0,1,0.6929998430759572,False
55473,1,1,0.692968458462166,True
54202,0,1,0.6927355157061617,False
51896,0,1,0.6906406168386038,False
50112,1,1,0.6902247732013582,True
54630,1,1,0.6897686079541472,True
51309,0,1,0.6893848248128309,False
50162,1,1,0.6882438450835444,True
50888,1,1,0.686149839570706,True
52732,0,1,0.6856729653122777,False
53666,1,1,0.6856676056810991,True
51630,0,1,0.6820108217300489,False
50256,0,1,0.6818302407389848,False
55407,1,1,0.677737191717126,True
53937,1,1,0.677737191717126,True
51582,1,1,0.6770687363506015,True
52015,1,1,0.6745197664433934,True
50512,1,1,0.6742362363894947,True
54322,0,1,0.6722190972883265,False
50959,1,1,0.6711464744277584,True
53929,0,1,0.6711175540949121,False
55339,0,1,0.670771424130064,False
53306,0,1,0.665994651276346,False
53797,1,1,0.6621095695119424,True
52184,1,1,0.6599583769363633,True
50901,0,1,0.658607145186405,False
51984,0,1,0.6563609364595344,False
52891,0,1,0.6550024645423694,False
52001,0,1,0.652231660624506,False
50292,0,1,0.6497420145821706,False
51173,1,1,0.6476641545815494,True
52349,0,1,0.6473556780825872,False
51677,0,1,0.6471578806666674,False
53425,0,1,0.6463521154890494,False
51278,0,1,0.6424100608988665,False
52202,0,1,0.6402025514159523,False
52748,0,1,0.639853593211964,False
51528,1,1,0.6390902656917248,True
50058,1,1,0.6390902656917248,True
54378,1,1,0.6337274105382267,True
50815,1,1,0.6308332550292846,True
52576,0,1,0.6281696079213777,False
55332,1,1,0.6278252276561421,True
54962,1,1,0.6264902101851405,True
55331,0,1,0.624908191766645,False
54077,0,1,0.6221110944500061,False
51045,0,1,0.6191867693258843,False
55200,1,1,0.6146034890164602,True
51299,0,1,0.614177086573214,False
51548,0,1,0.6127822137071823,False
50078,0,1,0.6127822137071823,False
53241,0,1,0.6119964070470673,False
52339,0,1,0.611366251627245,False
55563,0,1,0.6079514869906312,False
55082,0,1,0.6056369317708288,False
52174,1,1,0.6033285997086071,True
53840,0,1,0.6029979823919918,False
52235,0,1,0.6027792395003054,False
53256,0,1,0.6021587604122779,False
54366,1,1,0.6014543912649583,True
52977,1,1,0.6007056440589416,True
53716,0,1,0.5945038292216617,False
50516,0,1,0.592921175873806,False
50765,0,1,0.5916857335491976,False
50244,1,1,0.5878833981384849,True
51072,0,1,0.5869161645502357,False
52550,1,1,0.5867793354602749,True
55154,0,1,0.5865614751709867,False
51844,0,1,0.5854841282006542,False
50655,1,1,0.5830625992763371,True
51480,0,1,0.5821898408764771,False
53161,0,1,0.5805556564305211,False
52203,1,1,0.5797401203909193,True
55622,1,1,0.5753443133343155,True
50536,1,1,0.5749535017257883,True
52208,0,1,0.5742641815490309,False
50008,1,1,0.57385453059984,True
52006,1,1,0.5730765874368415,True
53415,0,1,0.5716264412429392,False
54885,0,1,0.5712162384768488,False
51258,0,1,0.5709960310585778,False
51388,1,1,0.5709111835395135,True
52728,0,1,0.5704601679344211,False
55165,0,1,0.5675550854312442,False
50036,0,1,0.5674701011146971,False
52835,1,1,0.56691929512608,True
54098,0,1,0.5664582593876625,False
54930,0,1,0.5630924308202419,False
54164,0,1,0.5610335193957348,False
54994,0,1,0.5604523004816495,False
50744,0,1,0.5537995397438004,False
50488,0,1,0.5531206810293058,False
54940,1,1,0.5515521340685455,True
54365,1,1,0.5514115903298924,True
53254,0,1,0.5504167540761042,False
53601,0,1,0.5468013940129512,False
52594,0,1,0.5466298507199868,False
51124,0,1,0.5453897713819191,False
54631,0,1,0.5420879403090779,False
51298,0,1,0.5394442237011063,False
52017,0,1,0.5390733253027085,False
55063,0,1,0.538245574692782,False
55409,0,1,0.5372563596035461,False
52827,1,1,0.5353571389037964,True
54677,0,1,0.5352552897549165,False
54500,0,1,0.5344841315312115,False
53329,0,1,0.5336348996872483,False
54158,0,1,0.5283655840629876,False
53364,0,1,0.5271143155223565,False
54073,0,1,0.5262203483026128,False
50056,0,1,0.5257147653626423,False
50988,1,1,0.52529214562111,True
52214,0,1,0.5206453558989588,False
52871,0,1,0.519054321249786,False
51213,0,1,0.5184684267291876,False
55018,1,1,0.5175134607310509,True
55244,1,1,0.5160371010090014,True
52468,0,1,0.5149601054311552,False
55583,0,1,0.5149526297370363,False
54363,0,1,0.5144910879037462,False
52159,1,1,0.512453853689528,True
52416,0,1,0.51092602994095,False
51346,1,1,0.5050819938603882,True
50479,0,1,0.5044237528510532,False
